-- The bundled default foods and recipes, as portable INSERT statements the
-- server runs into an empty database on first start.  Generated from a
-- seed-editing database by dev/dump-seed.sh; edit the defaults visually with
-- `just seed-edit` and `just seed-save`, not by hand.
insert into users (id, email, display_name, created_at) values ('local', '', '', '');
insert into tiers (id, no, name, freq, width, rail, tint, line, position) values ('d166', '01', 'Foundation', 'EVERY MEAL', '100%', 'oklch(0.5 0.07 128)', 'oklch(0.965 0.018 122)', 'oklch(0.88 0.035 122)', 0);
insert into tiers (id, no, name, freq, width, rail, tint, line, position) values ('d241', '02', 'Daily', 'MOST DAYS', '82%', 'oklch(0.57 0.08 78)', 'oklch(0.965 0.022 84)', 'oklch(0.88 0.04 84)', 1);
insert into tiers (id, no, name, freq, width, rail, tint, line, position) values ('d260', '03', 'Weekly', '2–3× PER WEEK', '64%', 'oklch(0.49 0.06 232)', 'oklch(0.965 0.015 232)', 'oklch(0.87 0.03 232)', 2);
insert into tiers (id, no, name, freq, width, rail, tint, line, position) values ('d270', '04', 'Occasionally', 'A FEW ×/MONTH', '46%', 'oklch(0.52 0.1 42)', 'oklch(0.965 0.022 50)', 'oklch(0.88 0.045 50)', 3);
insert into food_groups (id, tier_id, label, position) values ('d6', 'd166', 'Oils & healthy fats', 0);
insert into food_groups (id, tier_id, label, position) values ('d29', 'd166', 'Leafy greens', 1);
insert into food_groups (id, tier_id, label, position) values ('d94', 'd166', 'Vegetables', 2);
insert into food_groups (id, tier_id, label, position) values ('d109', 'd166', 'Whole grains', 3);
insert into food_groups (id, tier_id, label, position) values ('d138', 'd166', 'Fruit', 4);
insert into food_groups (id, tier_id, label, position) values ('d159', 'd166', 'Herbs & spices', 5);
insert into food_groups (id, tier_id, label, position) values ('d165', 'd166', 'Tea & botanicals', 6);
insert into food_groups (id, tier_id, label, position) values ('d183', 'd241', 'Condiments', 0);
insert into food_groups (id, tier_id, label, position) values ('d203', 'd241', 'Legumes & pulses', 1);
insert into food_groups (id, tier_id, label, position) values ('d222', 'd241', 'Nuts & seeds', 2);
insert into food_groups (id, tier_id, label, position) values ('d231', 'd241', 'Soy & fermented', 3);
insert into food_groups (id, tier_id, label, position) values ('d238', 'd241', 'Cultured dairy · moderate', 4);
insert into food_groups (id, tier_id, label, position) values ('d240', 'd241', 'Supplements', 5);
insert into food_groups (id, tier_id, label, position) values ('d255', 'd260', 'Oily & white fish', 0);
insert into food_groups (id, tier_id, label, position) values ('d259', 'd260', 'Eggs & poultry', 1);
insert into food_groups (id, tier_id, label, position) values ('d264', 'd270', 'Sweeteners & extras', 0);
insert into food_groups (id, tier_id, label, position) values ('d269', 'd270', 'Limit', 1);
insert into foods (id, group_id, name, prep, hero, position) values ('d95', 'd109', 'Oats', 'P', true, 0);
insert into foods (id, group_id, name, prep, hero, position) values ('d96', 'd109', 'Farro', 'P', false, 1);
insert into foods (id, group_id, name, prep, hero, position) values ('d97', 'd109', 'Barley', 'P', false, 2);
insert into foods (id, group_id, name, prep, hero, position) values ('d98', 'd109', 'Bulgur', 'P', false, 3);
insert into foods (id, group_id, name, prep, hero, position) values ('d99', 'd109', 'Brown rice', 'P', false, 4);
insert into foods (id, group_id, name, prep, hero, position) values ('d100', 'd109', 'Quinoa', 'P', false, 5);
insert into foods (id, group_id, name, prep, hero, position) values ('d101', 'd109', 'Whole-grain bread', 'P', false, 6);
insert into foods (id, group_id, name, prep, hero, position) values ('d102', 'd109', 'Whole-wheat pasta', 'P', false, 7);
insert into foods (id, group_id, name, prep, hero, position) values ('d103', 'd109', 'Buckwheat / soba', 'P', false, 8);
insert into foods (id, group_id, name, prep, hero, position) values ('d104', 'd109', 'Millet', 'P', false, 9);
insert into foods (id, group_id, name, prep, hero, position) values ('d105', 'd109', 'Rye', 'P', false, 10);
insert into foods (id, group_id, name, prep, hero, position) values ('d106', 'd109', 'Freekeh', 'P', false, 11);
insert into foods (id, group_id, name, prep, hero, position) values ('d107', 'd109', 'Black rice', 'P', false, 12);
insert into foods (id, group_id, name, prep, hero, position) values ('d108', 'd109', 'Sorghum', 'P', false, 13);
insert into foods (id, group_id, name, prep, hero, position) values ('ex46', 'd109', 'Amaranth', 'P', false, 14);
insert into foods (id, group_id, name, prep, hero, position) values ('ex47', 'd109', 'Teff', 'P', false, 15);
insert into foods (id, group_id, name, prep, hero, position) values ('ex48', 'd109', 'Wild rice', 'P', false, 16);
insert into foods (id, group_id, name, prep, hero, position) values ('ex49', 'd109', 'Spelt', 'P', false, 17);
insert into foods (id, group_id, name, prep, hero, position) values ('ex50', 'd109', 'Kamut', 'P', false, 18);
insert into foods (id, group_id, name, prep, hero, position) values ('ex51', 'd109', 'Fonio', 'P', false, 19);
insert into foods (id, group_id, name, prep, hero, position) values ('ex52', 'd109', 'Finger millet', 'P', false, 20);
insert into foods (id, group_id, name, prep, hero, position) values ('ex53', 'd109', 'Pearl millet', 'P', false, 21);
insert into foods (id, group_id, name, prep, hero, position) values ('ex54', 'd109', 'Job''s tears', 'P', false, 22);
insert into foods (id, group_id, name, prep, hero, position) values ('ex55', 'd109', 'Whole-grain corn tortillas', 'P', false, 23);
insert into foods (id, group_id, name, prep, hero, position) values ('ex56', 'd109', 'Brown rice noodles', 'P', false, 24);
insert into foods (id, group_id, name, prep, hero, position) values ('ex57', 'd109', 'Whole-wheat couscous', 'P', false, 25);
insert into foods (id, group_id, name, prep, hero, position) values ('ex58', 'd109', 'Red rice', 'P', false, 26);
insert into foods (id, group_id, name, prep, hero, position) values ('d110', 'd138', 'Berries', 'F', true, 0);
insert into foods (id, group_id, name, prep, hero, position) values ('d111', 'd138', 'Pomegranate', 'F', false, 1);
insert into foods (id, group_id, name, prep, hero, position) values ('d112', 'd138', 'Figs', 'F', false, 2);
insert into foods (id, group_id, name, prep, hero, position) values ('d113', 'd138', 'Grapes', 'F', false, 3);
insert into foods (id, group_id, name, prep, hero, position) values ('d114', 'd138', 'Oranges', 'F', false, 4);
insert into foods (id, group_id, name, prep, hero, position) values ('d115', 'd138', 'Apples', 'F', false, 5);
insert into foods (id, group_id, name, prep, hero, position) values ('d116', 'd138', 'Pears', 'F', false, 6);
insert into foods (id, group_id, name, prep, hero, position) values ('d117', 'd138', 'Melon', 'F', false, 7);
insert into foods (id, group_id, name, prep, hero, position) values ('d118', 'd138', 'Lemons', 'F', false, 8);
insert into foods (id, group_id, name, prep, hero, position) values ('d119', 'd138', 'Dates', 'P', false, 9);
insert into foods (id, group_id, name, prep, hero, position) values ('d120', 'd138', 'Apricots', 'F', false, 10);
insert into foods (id, group_id, name, prep, hero, position) values ('d121', 'd138', 'Peaches', 'F', false, 11);
insert into foods (id, group_id, name, prep, hero, position) values ('d122', 'd138', 'Plums', 'F', false, 12);
insert into foods (id, group_id, name, prep, hero, position) values ('d123', 'd138', 'Cherries', 'F', false, 13);
insert into foods (id, group_id, name, prep, hero, position) values ('d124', 'd138', 'Grapefruit', 'F', false, 14);
insert into foods (id, group_id, name, prep, hero, position) values ('d125', 'd138', 'Nectarines', 'F', false, 15);
insert into foods (id, group_id, name, prep, hero, position) values ('d126', 'd138', 'Kiwi', 'F', false, 16);
insert into foods (id, group_id, name, prep, hero, position) values ('d127', 'd138', 'Persimmon', 'F', false, 17);
insert into foods (id, group_id, name, prep, hero, position) values ('d128', 'd138', 'Quince', 'F', false, 18);
insert into foods (id, group_id, name, prep, hero, position) values ('d129', 'd138', 'Prunes', 'P', false, 19);
insert into foods (id, group_id, name, prep, hero, position) values ('d130', 'd138', 'Raisins', 'P', false, 20);
insert into foods (id, group_id, name, prep, hero, position) values ('d131', 'd138', 'Mandarins', 'F', false, 21);
insert into foods (id, group_id, name, prep, hero, position) values ('d132', 'd138', 'Asian pear', 'F', false, 22);
insert into foods (id, group_id, name, prep, hero, position) values ('d133', 'd138', 'Lingonberries', 'F', false, 23);
insert into foods (id, group_id, name, prep, hero, position) values ('d134', 'd138', 'Bilberries', 'F', false, 24);
insert into foods (id, group_id, name, prep, hero, position) values ('d135', 'd138', 'Black currants', 'F', false, 25);
insert into foods (id, group_id, name, prep, hero, position) values ('d136', 'd138', 'Sea buckthorn', 'F', false, 26);
insert into foods (id, group_id, name, prep, hero, position) values ('d137', 'd138', 'Yuzu', 'F', false, 27);
insert into foods (id, group_id, name, prep, hero, position) values ('ex59', 'd138', 'Mango', 'F', false, 28);
insert into foods (id, group_id, name, prep, hero, position) values ('ex60', 'd138', 'Papaya', 'F', false, 29);
insert into foods (id, group_id, name, prep, hero, position) values ('ex61', 'd138', 'Guava', 'F', false, 30);
insert into foods (id, group_id, name, prep, hero, position) values ('ex62', 'd138', 'Pineapple', 'F', false, 31);
insert into foods (id, group_id, name, prep, hero, position) values ('ex63', 'd138', 'Passion fruit', 'F', false, 32);
insert into foods (id, group_id, name, prep, hero, position) values ('ex64', 'd138', 'Dragon fruit', 'F', false, 33);
insert into foods (id, group_id, name, prep, hero, position) values ('ex65', 'd138', 'Lychee', 'F', false, 34);
insert into foods (id, group_id, name, prep, hero, position) values ('ex66', 'd138', 'Longan', 'F', false, 35);
insert into foods (id, group_id, name, prep, hero, position) values ('ex67', 'd138', 'Rambutan', 'F', false, 36);
insert into foods (id, group_id, name, prep, hero, position) values ('ex68', 'd138', 'Mangosteen', 'F', false, 37);
insert into foods (id, group_id, name, prep, hero, position) values ('ex69', 'd138', 'Jackfruit', 'F', false, 38);
insert into foods (id, group_id, name, prep, hero, position) values ('ex70', 'd138', 'Pomelo', 'F', false, 39);
insert into foods (id, group_id, name, prep, hero, position) values ('ex71', 'd138', 'Loquat', 'F', false, 40);
insert into foods (id, group_id, name, prep, hero, position) values ('ex72', 'd138', 'Cherimoya', 'F', false, 41);
insert into foods (id, group_id, name, prep, hero, position) values ('ex73', 'd138', 'Prickly pear', 'F', false, 42);
insert into foods (id, group_id, name, prep, hero, position) values ('ex74', 'd138', 'Tamarind', 'P', false, 43);
insert into foods (id, group_id, name, prep, hero, position) values ('ex75', 'd138', 'Indian gooseberry', 'F', false, 44);
insert into foods (id, group_id, name, prep, hero, position) values ('ex76', 'd138', 'Sapota', 'F', false, 45);
insert into foods (id, group_id, name, prep, hero, position) values ('ex77', 'd138', 'Jamun', 'F', false, 46);
insert into foods (id, group_id, name, prep, hero, position) values ('ex78', 'd138', 'Blackberries', 'F', false, 47);
insert into foods (id, group_id, name, prep, hero, position) values ('ex79', 'd138', 'Raspberries', 'F', false, 48);
insert into foods (id, group_id, name, prep, hero, position) values ('ex80', 'd138', 'Strawberries', 'F', false, 49);
insert into foods (id, group_id, name, prep, hero, position) values ('ex81', 'd138', 'Blueberries', 'F', false, 50);
insert into foods (id, group_id, name, prep, hero, position) values ('ex82', 'd138', 'Cranberries', 'F', false, 51);
insert into foods (id, group_id, name, prep, hero, position) values ('ex83', 'd138', 'Gooseberries', 'F', false, 52);
insert into foods (id, group_id, name, prep, hero, position) values ('ex84', 'd138', 'Mulberries', 'F', false, 53);
insert into foods (id, group_id, name, prep, hero, position) values ('ex85', 'd138', 'Elderberries', 'F', false, 54);
insert into foods (id, group_id, name, prep, hero, position) values ('ex86', 'd138', 'Aronia berries', 'F', false, 55);
insert into foods (id, group_id, name, prep, hero, position) values ('ex87', 'd138', 'Goji berries', 'P', false, 56);
insert into foods (id, group_id, name, prep, hero, position) values ('ex88', 'd138', 'Banana', 'F', false, 57);
insert into foods (id, group_id, name, prep, hero, position) values ('ex89', 'd138', 'Cantaloupe', 'F', false, 58);
insert into foods (id, group_id, name, prep, hero, position) values ('ex90', 'd138', 'Watermelon', 'F', false, 59);
insert into foods (id, group_id, name, prep, hero, position) values ('ex91', 'd138', 'Starfruit', 'F', false, 60);
insert into foods (id, group_id, name, prep, hero, position) values ('ai1', 'd138', 'Tart cherries', 'F', false, 61);
insert into foods (id, group_id, name, prep, hero, position) values ('ai2', 'd138', 'Açaí', 'F', false, 62);
insert into foods (id, group_id, name, prep, hero, position) values ('ai3', 'd138', 'Camu camu', 'P', false, 63);
insert into foods (id, group_id, name, prep, hero, position) values ('d139', 'd159', 'Turmeric', 'P', true, 0);
insert into foods (id, group_id, name, prep, hero, position) values ('d140', 'd159', 'Ginger', 'F', true, 1);
insert into foods (id, group_id, name, prep, hero, position) values ('d141', 'd159', 'Basil', 'F', false, 2);
insert into foods (id, group_id, name, prep, hero, position) values ('d142', 'd159', 'Oregano', 'P', false, 3);
insert into foods (id, group_id, name, prep, hero, position) values ('d143', 'd159', 'Rosemary', 'F', false, 4);
insert into foods (id, group_id, name, prep, hero, position) values ('d144', 'd159', 'Parsley', 'F', false, 5);
insert into foods (id, group_id, name, prep, hero, position) values ('d145', 'd159', 'Mint', 'F', false, 6);
insert into foods (id, group_id, name, prep, hero, position) values ('d146', 'd159', 'Thyme', 'P', false, 7);
insert into foods (id, group_id, name, prep, hero, position) values ('d147', 'd159', 'Cinnamon', 'P', false, 8);
insert into foods (id, group_id, name, prep, hero, position) values ('d148', 'd159', 'Black pepper', 'P', false, 9);
insert into foods (id, group_id, name, prep, hero, position) values ('d149', 'd159', 'Sumac', 'P', false, 10);
insert into foods (id, group_id, name, prep, hero, position) values ('d150', 'd159', 'Wasabi', 'P', false, 11);
insert into foods (id, group_id, name, prep, hero, position) values ('d151', 'd159', 'Dill', 'F', false, 12);
insert into foods (id, group_id, name, prep, hero, position) values ('d152', 'd159', 'Caraway', 'P', false, 13);
insert into foods (id, group_id, name, prep, hero, position) values ('d153', 'd159', 'Star anise', 'P', false, 14);
insert into foods (id, group_id, name, prep, hero, position) values ('d154', 'd159', 'Cardamom', 'P', false, 15);
insert into foods (id, group_id, name, prep, hero, position) values ('d155', 'd159', 'Cloves', 'P', false, 16);
insert into foods (id, group_id, name, prep, hero, position) values ('d156', 'd159', 'Sage', 'F', false, 17);
insert into foods (id, group_id, name, prep, hero, position) values ('d157', 'd159', 'Cumin', 'P', false, 18);
insert into foods (id, group_id, name, prep, hero, position) values ('d158', 'd159', 'Smoked paprika', 'P', false, 19);
insert into foods (id, group_id, name, prep, hero, position) values ('ex92', 'd159', 'Cilantro', 'F', false, 20);
insert into foods (id, group_id, name, prep, hero, position) values ('ex93', 'd159', 'Coriander seeds', 'P', false, 21);
insert into foods (id, group_id, name, prep, hero, position) values ('ex94', 'd159', 'Mustard seeds', 'P', false, 22);
insert into foods (id, group_id, name, prep, hero, position) values ('ex95', 'd159', 'Fenugreek seeds', 'P', false, 23);
insert into foods (id, group_id, name, prep, hero, position) values ('ex96', 'd159', 'Fennel seeds', 'P', false, 24);
insert into foods (id, group_id, name, prep, hero, position) values ('ex97', 'd159', 'Curry leaves', 'F', false, 25);
insert into foods (id, group_id, name, prep, hero, position) values ('ex98', 'd159', 'Garam masala', 'P', false, 26);
insert into foods (id, group_id, name, prep, hero, position) values ('ex99', 'd159', 'Asafoetida', 'P', false, 27);
insert into foods (id, group_id, name, prep, hero, position) values ('ex100', 'd159', 'Nigella seeds', 'P', false, 28);
insert into foods (id, group_id, name, prep, hero, position) values ('ex101', 'd159', 'Ajwain', 'P', false, 29);
insert into foods (id, group_id, name, prep, hero, position) values ('ex102', 'd159', 'Saffron', 'P', false, 30);
insert into foods (id, group_id, name, prep, hero, position) values ('ex103', 'd159', 'Bay leaves', 'P', false, 31);
insert into foods (id, group_id, name, prep, hero, position) values ('ex104', 'd159', 'Allspice', 'P', false, 32);
insert into foods (id, group_id, name, prep, hero, position) values ('ex105', 'd159', 'Mexican oregano', 'P', false, 33);
insert into foods (id, group_id, name, prep, hero, position) values ('ex106', 'd159', 'Epazote', 'P', false, 34);
insert into foods (id, group_id, name, prep, hero, position) values ('ex107', 'd159', 'Annatto', 'P', false, 35);
insert into foods (id, group_id, name, prep, hero, position) values ('ex108', 'd159', 'Sichuan peppercorns', 'P', false, 36);
insert into foods (id, group_id, name, prep, hero, position) values ('ex109', 'd159', 'Lemongrass', 'F', false, 37);
insert into foods (id, group_id, name, prep, hero, position) values ('ex110', 'd159', 'Galangal', 'F', false, 38);
insert into foods (id, group_id, name, prep, hero, position) values ('ex111', 'd159', 'Kaffir lime leaves', 'F', false, 39);
insert into foods (id, group_id, name, prep, hero, position) values ('ex112', 'd159', 'Thai basil', 'F', false, 40);
insert into foods (id, group_id, name, prep, hero, position) values ('ex113', 'd159', 'Chives', 'F', false, 41);
insert into foods (id, group_id, name, prep, hero, position) values ('ex114', 'd159', 'Tarragon', 'F', false, 42);
insert into foods (id, group_id, name, prep, hero, position) values ('ex115', 'd159', 'Marjoram', 'F', false, 43);
insert into foods (id, group_id, name, prep, hero, position) values ('ex116', 'd159', 'Za''atar', 'P', false, 44);
insert into foods (id, group_id, name, prep, hero, position) values ('ex117', 'd159', 'Gochugaru', 'P', false, 45);
insert into foods (id, group_id, name, prep, hero, position) values ('ex118', 'd159', 'Chinese five-spice', 'P', false, 46);
insert into foods (id, group_id, name, prep, hero, position) values ('ai4', 'd159', 'Cayenne', 'P', false, 47);
insert into foods (id, group_id, name, prep, hero, position) values ('d160', 'd165', 'Green tea', 'P', true, 0);
insert into foods (id, group_id, name, prep, hero, position) values ('d161', 'd165', 'Matcha', 'P', false, 1);
insert into foods (id, group_id, name, prep, hero, position) values ('d162', 'd165', 'Sencha', 'P', false, 2);
insert into foods (id, group_id, name, prep, hero, position) values ('d163', 'd165', 'Hojicha', 'P', false, 3);
insert into foods (id, group_id, name, prep, hero, position) values ('d164', 'd165', 'Hibiscus', 'P', false, 4);
insert into foods (id, group_id, name, prep, hero, position) values ('ex119', 'd165', 'Oolong tea', 'P', false, 5);
insert into foods (id, group_id, name, prep, hero, position) values ('ex120', 'd165', 'Pu-erh tea', 'P', false, 6);
insert into foods (id, group_id, name, prep, hero, position) values ('ex121', 'd165', 'White tea', 'P', false, 7);
insert into foods (id, group_id, name, prep, hero, position) values ('ex122', 'd165', 'Jasmine tea', 'P', false, 8);
insert into foods (id, group_id, name, prep, hero, position) values ('ex123', 'd165', 'Genmaicha', 'P', false, 9);
insert into foods (id, group_id, name, prep, hero, position) values ('ex124', 'd165', 'Gyokuro', 'P', false, 10);
insert into foods (id, group_id, name, prep, hero, position) values ('ex125', 'd165', 'Barley tea', 'P', false, 11);
insert into foods (id, group_id, name, prep, hero, position) values ('ex126', 'd165', 'Chrysanthemum tea', 'P', false, 12);
insert into foods (id, group_id, name, prep, hero, position) values ('ex127', 'd165', 'Rooibos', 'P', false, 13);
insert into foods (id, group_id, name, prep, hero, position) values ('ex128', 'd165', 'Yerba mate', 'P', false, 14);
insert into foods (id, group_id, name, prep, hero, position) values ('ex129', 'd165', 'Tulsi', 'P', false, 15);
insert into foods (id, group_id, name, prep, hero, position) values ('ex130', 'd165', 'Chamomile', 'P', false, 16);
insert into foods (id, group_id, name, prep, hero, position) values ('ex131', 'd165', 'Peppermint tea', 'P', false, 17);
insert into foods (id, group_id, name, prep, hero, position) values ('ex132', 'd165', 'Ginger tea', 'P', false, 18);
insert into foods (id, group_id, name, prep, hero, position) values ('ex133', 'd165', 'Kombucha', 'F', false, 19);
insert into foods (id, group_id, name, prep, hero, position) values ('d167', 'd183', 'Balsamic vinegar', 'P', false, 0);
insert into foods (id, group_id, name, prep, hero, position) values ('d168', 'd183', 'Red wine vinegar', 'P', false, 1);
insert into foods (id, group_id, name, prep, hero, position) values ('d169', 'd183', 'Apple cider vinegar', 'P', false, 2);
insert into foods (id, group_id, name, prep, hero, position) values ('d170', 'd183', 'Sherry vinegar', 'P', false, 3);
insert into foods (id, group_id, name, prep, hero, position) values ('d171', 'd183', 'White wine vinegar', 'P', false, 4);
insert into foods (id, group_id, name, prep, hero, position) values ('d172', 'd183', 'Rice vinegar', 'P', false, 5);
insert into foods (id, group_id, name, prep, hero, position) values ('d173', 'd183', 'Dijon mustard', 'P', false, 6);
insert into foods (id, group_id, name, prep, hero, position) values ('d174', 'd183', 'Whole-grain mustard', 'P', false, 7);
insert into foods (id, group_id, name, prep, hero, position) values ('d175', 'd183', 'Tomato paste', 'P', false, 8);
insert into foods (id, group_id, name, prep, hero, position) values ('d176', 'd183', 'Harissa', 'P', false, 9);
insert into foods (id, group_id, name, prep, hero, position) values ('d177', 'd183', 'Pesto', 'F', false, 10);
insert into foods (id, group_id, name, prep, hero, position) values ('d178', 'd183', 'Pomegranate molasses', 'P', false, 11);
insert into foods (id, group_id, name, prep, hero, position) values ('d179', 'd183', 'Olive tapenade', 'P', false, 12);
insert into foods (id, group_id, name, prep, hero, position) values ('d180', 'd183', 'Anchovy paste', 'P', false, 13);
insert into foods (id, group_id, name, prep, hero, position) values ('d181', 'd183', 'Hot sauce', 'P', false, 14);
insert into foods (id, group_id, name, prep, hero, position) values ('d182', 'd183', 'Lemon juice', 'F', false, 15);
insert into foods (id, group_id, name, prep, hero, position) values ('ex134', 'd183', 'Fish sauce', 'P', false, 16);
insert into foods (id, group_id, name, prep, hero, position) values ('ex135', 'd183', 'Oyster sauce', 'P', false, 17);
insert into foods (id, group_id, name, prep, hero, position) values ('ex136', 'd183', 'Gochujang', 'P', false, 18);
insert into foods (id, group_id, name, prep, hero, position) values ('ex137', 'd183', 'Doubanjiang', 'P', false, 19);
insert into foods (id, group_id, name, prep, hero, position) values ('ex138', 'd183', 'Ponzu', 'P', false, 20);
insert into foods (id, group_id, name, prep, hero, position) values ('ex139', 'd183', 'Black vinegar', 'P', false, 21);
insert into foods (id, group_id, name, prep, hero, position) values ('ex140', 'd183', 'Coconut aminos', 'P', false, 22);
insert into foods (id, group_id, name, prep, hero, position) values ('ex141', 'd183', 'Salsa', 'F', false, 23);
insert into foods (id, group_id, name, prep, hero, position) values ('ex142', 'd183', 'Salsa verde', 'F', false, 24);
insert into foods (id, group_id, name, prep, hero, position) values ('ex143', 'd183', 'Chipotle in adobo', 'P', false, 25);
insert into foods (id, group_id, name, prep, hero, position) values ('ex144', 'd183', 'Tamarind paste', 'P', false, 26);
insert into foods (id, group_id, name, prep, hero, position) values ('ex145', 'd183', 'Mango chutney', 'P', false, 27);
insert into foods (id, group_id, name, prep, hero, position) values ('ex146', 'd183', 'Sambal oelek', 'P', false, 28);
insert into foods (id, group_id, name, prep, hero, position) values ('ai5', 'd183', 'Bone broth', 'P', false, 29);
insert into foods (id, group_id, name, prep, hero, position) values ('d184', 'd203', 'Lentils', 'P', true, 0);
insert into foods (id, group_id, name, prep, hero, position) values ('d185', 'd203', 'Chickpeas', 'P', true, 1);
insert into foods (id, group_id, name, prep, hero, position) values ('d186', 'd203', 'White beans', 'P', false, 2);
insert into foods (id, group_id, name, prep, hero, position) values ('d187', 'd203', 'Fava beans', 'P', false, 3);
insert into foods (id, group_id, name, prep, hero, position) values ('d188', 'd203', 'Black-eyed peas', 'P', false, 4);
insert into foods (id, group_id, name, prep, hero, position) values ('d189', 'd203', 'Split peas', 'P', false, 5);
insert into foods (id, group_id, name, prep, hero, position) values ('d190', 'd203', 'Kidney beans', 'P', false, 6);
insert into foods (id, group_id, name, prep, hero, position) values ('d191', 'd203', 'Butter beans', 'P', false, 7);
insert into foods (id, group_id, name, prep, hero, position) values ('d192', 'd203', 'Borlotti beans', 'P', false, 8);
insert into foods (id, group_id, name, prep, hero, position) values ('d193', 'd203', 'Lupini beans', 'P', false, 9);
insert into foods (id, group_id, name, prep, hero, position) values ('d194', 'd203', 'Green peas', 'F', false, 10);
insert into foods (id, group_id, name, prep, hero, position) values ('d195', 'd203', 'Cannellini beans', 'P', false, 11);
insert into foods (id, group_id, name, prep, hero, position) values ('d196', 'd203', 'Pinto beans', 'P', false, 12);
insert into foods (id, group_id, name, prep, hero, position) values ('d197', 'd203', 'Edamame', 'F', false, 13);
insert into foods (id, group_id, name, prep, hero, position) values ('d198', 'd203', 'Hummus', 'F', false, 14);
insert into foods (id, group_id, name, prep, hero, position) values ('d199', 'd203', 'Adzuki beans', 'P', false, 15);
insert into foods (id, group_id, name, prep, hero, position) values ('d200', 'd203', 'Mung beans', 'P', false, 16);
insert into foods (id, group_id, name, prep, hero, position) values ('d201', 'd203', 'Soybeans', 'P', false, 17);
insert into foods (id, group_id, name, prep, hero, position) values ('d202', 'd203', 'Red beans', 'P', false, 18);
insert into foods (id, group_id, name, prep, hero, position) values ('ex147', 'd203', 'Black beans', 'P', false, 19);
insert into foods (id, group_id, name, prep, hero, position) values ('ex148', 'd203', 'Pigeon peas', 'P', false, 20);
insert into foods (id, group_id, name, prep, hero, position) values ('ex149', 'd203', 'Black gram', 'P', false, 21);
insert into foods (id, group_id, name, prep, hero, position) values ('ex150', 'd203', 'Red lentils', 'P', false, 22);
insert into foods (id, group_id, name, prep, hero, position) values ('ex151', 'd203', 'Green lentils', 'P', false, 23);
insert into foods (id, group_id, name, prep, hero, position) values ('ex152', 'd203', 'Beluga lentils', 'P', false, 24);
insert into foods (id, group_id, name, prep, hero, position) values ('ex153', 'd203', 'French lentils', 'P', false, 25);
insert into foods (id, group_id, name, prep, hero, position) values ('ex154', 'd203', 'Black chickpeas', 'P', false, 26);
insert into foods (id, group_id, name, prep, hero, position) values ('ex155', 'd203', 'Navy beans', 'P', false, 27);
insert into foods (id, group_id, name, prep, hero, position) values ('ex156', 'd203', 'Great northern beans', 'P', false, 28);
insert into foods (id, group_id, name, prep, hero, position) values ('ex157', 'd203', 'Cranberry beans', 'P', false, 29);
insert into foods (id, group_id, name, prep, hero, position) values ('ex158', 'd203', 'Peanuts', 'P', false, 30);
insert into foods (id, group_id, name, prep, hero, position) values ('ex159', 'd203', 'Moth beans', 'P', false, 31);
insert into foods (id, group_id, name, prep, hero, position) values ('ex160', 'd203', 'Horse gram', 'P', false, 32);
insert into foods (id, group_id, name, prep, hero, position) values ('d204', 'd222', 'Walnuts', 'P', true, 0);
insert into foods (id, group_id, name, prep, hero, position) values ('d205', 'd222', 'Almonds', 'P', true, 1);
insert into foods (id, group_id, name, prep, hero, position) values ('d206', 'd222', 'Pistachios', 'P', false, 2);
insert into foods (id, group_id, name, prep, hero, position) values ('d207', 'd222', 'Hazelnuts', 'P', false, 3);
insert into foods (id, group_id, name, prep, hero, position) values ('d208', 'd222', 'Pine nuts', 'P', false, 4);
insert into foods (id, group_id, name, prep, hero, position) values ('d209', 'd222', 'Tahini', 'P', false, 5);
insert into foods (id, group_id, name, prep, hero, position) values ('d210', 'd222', 'Flaxseed', 'P', false, 6);
insert into foods (id, group_id, name, prep, hero, position) values ('d211', 'd222', 'Sunflower seeds', 'P', false, 7);
insert into foods (id, group_id, name, prep, hero, position) values ('d212', 'd222', 'Pumpkin seeds', 'P', false, 8);
insert into foods (id, group_id, name, prep, hero, position) values ('d213', 'd222', 'Chia seeds', 'P', false, 9);
insert into foods (id, group_id, name, prep, hero, position) values ('d214', 'd222', 'Cashews', 'P', false, 10);
insert into foods (id, group_id, name, prep, hero, position) values ('d215', 'd222', 'Pecans', 'P', false, 11);
insert into foods (id, group_id, name, prep, hero, position) values ('d216', 'd222', 'Sesame seeds', 'P', false, 12);
insert into foods (id, group_id, name, prep, hero, position) values ('d217', 'd222', 'Brazil nuts', 'P', false, 13);
insert into foods (id, group_id, name, prep, hero, position) values ('d218', 'd222', 'Macadamia nuts', 'P', false, 14);
insert into foods (id, group_id, name, prep, hero, position) values ('d219', 'd222', 'Almond butter', 'P', false, 15);
insert into foods (id, group_id, name, prep, hero, position) values ('d220', 'd222', 'Hemp seeds', 'P', false, 16);
insert into foods (id, group_id, name, prep, hero, position) values ('d221', 'd222', 'Pepitas', 'P', false, 17);
insert into foods (id, group_id, name, prep, hero, position) values ('ex161', 'd222', 'Peanut butter', 'P', false, 18);
insert into foods (id, group_id, name, prep, hero, position) values ('ex162', 'd222', 'Cashew butter', 'P', false, 19);
insert into foods (id, group_id, name, prep, hero, position) values ('ex163', 'd222', 'Sunflower seed butter', 'P', false, 20);
insert into foods (id, group_id, name, prep, hero, position) values ('ex164', 'd222', 'Poppy seeds', 'P', false, 21);
insert into foods (id, group_id, name, prep, hero, position) values ('ex165', 'd222', 'Watermelon seeds', 'P', false, 22);
insert into foods (id, group_id, name, prep, hero, position) values ('ex166', 'd222', 'Coconut', 'P', false, 23);
insert into foods (id, group_id, name, prep, hero, position) values ('ex167', 'd222', 'Lotus seeds', 'P', false, 24);
insert into foods (id, group_id, name, prep, hero, position) values ('d223', 'd231', 'Tofu', 'F', true, 0);
insert into foods (id, group_id, name, prep, hero, position) values ('d224', 'd231', 'Natto', 'F', true, 1);
insert into foods (id, group_id, name, prep, hero, position) values ('d225', 'd231', 'Miso', 'P', true, 2);
insert into foods (id, group_id, name, prep, hero, position) values ('d226', 'd231', 'Tempeh', 'F', false, 3);
insert into foods (id, group_id, name, prep, hero, position) values ('d227', 'd231', 'Tamari / soy sauce', 'P', false, 4);
insert into foods (id, group_id, name, prep, hero, position) values ('d228', 'd231', 'Kimchi', 'F', false, 5);
insert into foods (id, group_id, name, prep, hero, position) values ('d229', 'd231', 'Sauerkraut', 'F', false, 6);
insert into foods (id, group_id, name, prep, hero, position) values ('d230', 'd231', 'Pickled vegetables', 'P', false, 7);
insert into foods (id, group_id, name, prep, hero, position) values ('ex168', 'd231', 'Doenjang', 'P', false, 8);
insert into foods (id, group_id, name, prep, hero, position) values ('ex169', 'd231', 'Fermented black beans', 'P', false, 9);
insert into foods (id, group_id, name, prep, hero, position) values ('ex170', 'd231', 'Fermented tofu', 'P', false, 10);
insert into foods (id, group_id, name, prep, hero, position) values ('ex171', 'd231', 'Soy milk', 'F', false, 11);
insert into foods (id, group_id, name, prep, hero, position) values ('ex172', 'd231', 'Nutritional yeast', 'P', false, 12);
insert into foods (id, group_id, name, prep, hero, position) values ('d232', 'd238', 'Greek yogurt', 'F', true, 0);
insert into foods (id, group_id, name, prep, hero, position) values ('d233', 'd238', 'Kefir', 'F', false, 1);
insert into foods (id, group_id, name, prep, hero, position) values ('d234', 'd238', 'Skyr', 'F', false, 2);
insert into foods (id, group_id, name, prep, hero, position) values ('d235', 'd238', 'Feta', 'F', false, 3);
insert into foods (id, group_id, name, prep, hero, position) values ('d236', 'd238', 'Pecorino / Parmesan', 'F', false, 4);
insert into foods (id, group_id, name, prep, hero, position) values ('d237', 'd238', 'Ricotta', 'F', false, 5);
insert into foods (id, group_id, name, prep, hero, position) values ('ex173', 'd238', 'Paneer', 'F', false, 6);
insert into foods (id, group_id, name, prep, hero, position) values ('ex174', 'd238', 'Buttermilk', 'F', false, 7);
insert into foods (id, group_id, name, prep, hero, position) values ('ex175', 'd238', 'Queso fresco', 'F', false, 8);
insert into foods (id, group_id, name, prep, hero, position) values ('ex176', 'd238', 'Cotija', 'F', false, 9);
insert into foods (id, group_id, name, prep, hero, position) values ('ex177', 'd238', 'Cottage cheese', 'F', false, 10);
insert into foods (id, group_id, name, prep, hero, position) values ('ex178', 'd238', 'Labneh', 'F', false, 11);
insert into foods (id, group_id, name, prep, hero, position) values ('ex179', 'd238', 'Goat cheese', 'F', false, 12);
insert into foods (id, group_id, name, prep, hero, position) values ('ex180', 'd238', 'Manchego', 'F', false, 13);
insert into foods (id, group_id, name, prep, hero, position) values ('ex181', 'd238', 'Halloumi', 'F', false, 14);
insert into foods (id, group_id, name, prep, hero, position) values ('ex182', 'd238', 'Mozzarella', 'F', false, 15);
insert into foods (id, group_id, name, prep, hero, position) values ('d239', 'd240', 'Fisetin', 'P', false, 0);
insert into foods (id, group_id, name, prep, hero, position) values ('ai6', 'd240', 'Omega-3 fish oil', 'P', false, 1);
insert into foods (id, group_id, name, prep, hero, position) values ('ai7', 'd240', 'Curcumin', 'P', false, 2);
insert into foods (id, group_id, name, prep, hero, position) values ('ai8', 'd240', 'Vitamin D', 'P', false, 3);
insert into foods (id, group_id, name, prep, hero, position) values ('ai9', 'd240', 'Ginger extract', 'P', false, 4);
insert into foods (id, group_id, name, prep, hero, position) values ('ai10', 'd240', 'Boswellia', 'P', false, 5);
insert into foods (id, group_id, name, prep, hero, position) values ('ai11', 'd240', 'Quercetin', 'P', false, 6);
insert into foods (id, group_id, name, prep, hero, position) values ('ai12', 'd240', 'Bromelain', 'P', false, 7);
insert into foods (id, group_id, name, prep, hero, position) values ('ai13', 'd240', 'Resveratrol', 'P', false, 8);
insert into foods (id, group_id, name, prep, hero, position) values ('ai14', 'd240', 'Probiotics', 'P', false, 9);
insert into foods (id, group_id, name, prep, hero, position) values ('ai15', 'd240', 'Spirulina', 'P', false, 10);
insert into foods (id, group_id, name, prep, hero, position) values ('ai16', 'd240', 'Chlorella', 'P', false, 11);
insert into foods (id, group_id, name, prep, hero, position) values ('ai17', 'd240', 'Ashwagandha', 'P', false, 12);
insert into foods (id, group_id, name, prep, hero, position) values ('d242', 'd255', 'Sardines', 'P', true, 0);
insert into foods (id, group_id, name, prep, hero, position) values ('d243', 'd255', 'Salmon', 'F', true, 1);
insert into foods (id, group_id, name, prep, hero, position) values ('d244', 'd255', 'Herring', 'F', false, 2);
insert into foods (id, group_id, name, prep, hero, position) values ('d245', 'd255', 'Anchovies', 'P', false, 3);
insert into foods (id, group_id, name, prep, hero, position) values ('d246', 'd255', 'Mackerel', 'F', false, 4);
insert into foods (id, group_id, name, prep, hero, position) values ('d247', 'd255', 'Tuna', 'P', false, 5);
insert into foods (id, group_id, name, prep, hero, position) values ('d248', 'd255', 'Cod', 'F', false, 6);
insert into foods (id, group_id, name, prep, hero, position) values ('d249', 'd255', 'Trout', 'F', false, 7);
insert into foods (id, group_id, name, prep, hero, position) values ('d250', 'd255', 'Sea bass', 'F', false, 8);
insert into foods (id, group_id, name, prep, hero, position) values ('d251', 'd255', 'Pollock', 'F', false, 9);
insert into foods (id, group_id, name, prep, hero, position) values ('d252', 'd255', 'Canned tuna', 'P', false, 10);
insert into foods (id, group_id, name, prep, hero, position) values ('d253', 'd255', 'Canned sardines', 'P', false, 11);
insert into foods (id, group_id, name, prep, hero, position) values ('d254', 'd255', 'Canned salmon', 'P', false, 12);
insert into foods (id, group_id, name, prep, hero, position) values ('ex183', 'd255', 'Shrimp', 'F', false, 13);
insert into foods (id, group_id, name, prep, hero, position) values ('ex184', 'd255', 'Mussels', 'F', false, 14);
insert into foods (id, group_id, name, prep, hero, position) values ('ex185', 'd255', 'Clams', 'F', false, 15);
insert into foods (id, group_id, name, prep, hero, position) values ('ex186', 'd255', 'Oysters', 'F', false, 16);
insert into foods (id, group_id, name, prep, hero, position) values ('ex187', 'd255', 'Scallops', 'F', false, 17);
insert into foods (id, group_id, name, prep, hero, position) values ('ex188', 'd255', 'Squid', 'F', false, 18);
insert into foods (id, group_id, name, prep, hero, position) values ('ex189', 'd255', 'Octopus', 'F', false, 19);
insert into foods (id, group_id, name, prep, hero, position) values ('ex190', 'd255', 'Crab', 'F', false, 20);
insert into foods (id, group_id, name, prep, hero, position) values ('ex191', 'd255', 'Halibut', 'F', false, 21);
insert into foods (id, group_id, name, prep, hero, position) values ('ex192', 'd255', 'Haddock', 'F', false, 22);
insert into foods (id, group_id, name, prep, hero, position) values ('ex193', 'd255', 'Arctic char', 'F', false, 23);
insert into foods (id, group_id, name, prep, hero, position) values ('ex194', 'd255', 'Snapper', 'F', false, 24);
insert into foods (id, group_id, name, prep, hero, position) values ('ex195', 'd255', 'Tilapia', 'F', false, 25);
insert into foods (id, group_id, name, prep, hero, position) values ('ex196', 'd255', 'Barramundi', 'F', false, 26);
insert into foods (id, group_id, name, prep, hero, position) values ('d256', 'd259', 'Eggs', 'F', true, 0);
insert into foods (id, group_id, name, prep, hero, position) values ('d257', 'd259', 'Chicken', 'F', false, 1);
insert into foods (id, group_id, name, prep, hero, position) values ('d258', 'd259', 'Turkey', 'F', false, 2);
insert into foods (id, group_id, name, prep, hero, position) values ('ex197', 'd259', 'Duck', 'F', false, 3);
insert into foods (id, group_id, name, prep, hero, position) values ('ex198', 'd259', 'Quail', 'F', false, 4);
insert into foods (id, group_id, name, prep, hero, position) values ('ex199', 'd259', 'Duck eggs', 'F', false, 5);
insert into foods (id, group_id, name, prep, hero, position) values ('ex200', 'd259', 'Quail eggs', 'F', false, 6);
insert into foods (id, group_id, name, prep, hero, position) values ('d261', 'd264', 'Honey', 'P', false, 0);
insert into foods (id, group_id, name, prep, hero, position) values ('d262', 'd264', 'Potatoes', 'F', false, 1);
insert into foods (id, group_id, name, prep, hero, position) values ('d263', 'd264', 'Red wine · optional', 'P', false, 2);
insert into foods (id, group_id, name, prep, hero, position) values ('ex201', 'd264', 'Maple syrup', 'P', false, 3);
insert into foods (id, group_id, name, prep, hero, position) values ('ex202', 'd264', 'Blackstrap molasses', 'P', false, 4);
insert into foods (id, group_id, name, prep, hero, position) values ('ex203', 'd264', 'Coconut sugar', 'P', false, 5);
insert into foods (id, group_id, name, prep, hero, position) values ('ex204', 'd264', 'Jaggery', 'P', false, 6);
insert into foods (id, group_id, name, prep, hero, position) values ('ex205', 'd264', 'Piloncillo', 'P', false, 7);
insert into foods (id, group_id, name, prep, hero, position) values ('ex206', 'd264', 'Date syrup', 'P', false, 8);
insert into foods (id, group_id, name, prep, hero, position) values ('ex207', 'd264', 'Agave nectar', 'P', false, 9);
insert into foods (id, group_id, name, prep, hero, position) values ('ex208', 'd264', 'Monk fruit', 'P', false, 10);
insert into foods (id, group_id, name, prep, hero, position) values ('ex209', 'd264', 'Stevia', 'P', false, 11);
insert into foods (id, group_id, name, prep, hero, position) values ('ex210', 'd264', 'Cacao nibs', 'P', false, 12);
insert into foods (id, group_id, name, prep, hero, position) values ('d265', 'd269', 'Red meat', 'F', false, 0);
insert into foods (id, group_id, name, prep, hero, position) values ('d266', 'd269', 'Cured meats', 'F', false, 1);
insert into foods (id, group_id, name, prep, hero, position) values ('d267', 'd269', 'Rich cheeses', 'F', false, 2);
insert into foods (id, group_id, name, prep, hero, position) values ('d268', 'd269', 'Sweets & pastries', 'P', false, 3);
insert into foods (id, group_id, name, prep, hero, position) values ('ex211', 'd269', 'Dark chocolate', 'P', false, 4);
insert into foods (id, group_id, name, prep, hero, position) values ('ex212', 'd269', 'Roasted chickpeas', 'P', false, 5);
insert into foods (id, group_id, name, prep, hero, position) values ('ex213', 'd269', 'Roasted edamame', 'P', false, 6);
insert into foods (id, group_id, name, prep, hero, position) values ('ex214', 'd269', 'Seaweed snacks', 'P', false, 7);
insert into foods (id, group_id, name, prep, hero, position) values ('ex215', 'd269', 'Roasted makhana', 'P', false, 8);
insert into foods (id, group_id, name, prep, hero, position) values ('ex216', 'd269', 'Kale chips', 'P', false, 9);
insert into foods (id, group_id, name, prep, hero, position) values ('ex217', 'd269', 'Whole-grain crackers', 'P', false, 10);
insert into foods (id, group_id, name, prep, hero, position) values ('ex218', 'd269', 'Rye crisps', 'P', false, 11);
insert into foods (id, group_id, name, prep, hero, position) values ('ex219', 'd269', 'Air-popped popcorn', 'P', false, 12);
insert into foods (id, group_id, name, prep, hero, position) values ('ex220', 'd269', 'Plantain chips', 'P', false, 13);
insert into foods (id, group_id, name, prep, hero, position) values ('ex221', 'd269', 'Trail mix', 'P', false, 14);
insert into foods (id, group_id, name, prep, hero, position) values ('ex222', 'd269', 'Nut & seed bars', 'P', false, 15);
insert into foods (id, group_id, name, prep, hero, position) values ('ex223', 'd269', 'Dried mango', 'P', false, 16);
insert into foods (id, group_id, name, prep, hero, position) values ('ex224', 'd269', 'Turkey jerky', 'P', false, 17);
insert into foods (id, group_id, name, prep, hero, position) values ('ex225', 'd269', 'Beef jerky', 'P', false, 18);
insert into foods (id, group_id, name, prep, hero, position) values ('ex226', 'd269', 'Whole-grain pretzels', 'P', false, 19);
insert into foods (id, group_id, name, prep, hero, position) values ('ex227', 'd269', 'Rice cakes', 'P', false, 20);
insert into foods (id, group_id, name, prep, hero, position) values ('ex228', 'd269', 'Oatcakes', 'P', false, 21);
insert into foods (id, group_id, name, prep, hero, position) values ('ex229', 'd269', 'Dolmas', 'P', false, 22);
insert into foods (id, group_id, name, prep, hero, position) values ('ex230', 'd269', 'Falafel', 'F', false, 23);
insert into foods (id, group_id, name, prep, hero, position) values ('ex231', 'd269', 'Roasted chana', 'P', false, 24);
insert into foods (id, group_id, name, prep, hero, position) values ('ex232', 'd269', 'Puffed rice', 'P', false, 25);
insert into foods (id, group_id, name, prep, hero, position) values ('ex233', 'd269', 'Banana chips', 'P', false, 26);
insert into foods (id, group_id, name, prep, hero, position) values ('ex234', 'd269', 'Coconut chips', 'P', false, 27);
insert into foods (id, group_id, name, prep, hero, position) values ('ex235', 'd269', 'Dark-chocolate almonds', 'P', false, 28);
insert into foods (id, group_id, name, prep, hero, position) values ('ex236', 'd269', 'Granola', 'P', false, 29);
insert into foods (id, group_id, name, prep, hero, position) values ('ex237', 'd269', 'Energy balls', 'P', false, 30);
insert into foods (id, group_id, name, prep, hero, position) values ('ex238', 'd269', 'Hummus cups', 'F', false, 31);
insert into foods (id, group_id, name, prep, hero, position) values ('ex239', 'd269', 'Guacamole', 'F', false, 32);
insert into foods (id, group_id, name, prep, hero, position) values ('d7', 'd29', 'Spinach', 'F', true, 0);
insert into foods (id, group_id, name, prep, hero, position) values ('d8', 'd29', 'Kale', 'F', false, 1);
insert into foods (id, group_id, name, prep, hero, position) values ('d9', 'd29', 'Swiss chard', 'F', false, 2);
insert into foods (id, group_id, name, prep, hero, position) values ('d10', 'd29', 'Arugula', 'F', false, 3);
insert into foods (id, group_id, name, prep, hero, position) values ('d11', 'd29', 'Romaine', 'F', false, 4);
insert into foods (id, group_id, name, prep, hero, position) values ('d12', 'd29', 'Dandelion greens', 'F', false, 5);
insert into foods (id, group_id, name, prep, hero, position) values ('d13', 'd29', 'Watercress', 'F', false, 6);
insert into foods (id, group_id, name, prep, hero, position) values ('d14', 'd29', 'Collard greens', 'F', false, 7);
insert into foods (id, group_id, name, prep, hero, position) values ('d15', 'd29', 'Beet greens', 'F', false, 8);
insert into foods (id, group_id, name, prep, hero, position) values ('d16', 'd29', 'Endive', 'F', false, 9);
insert into foods (id, group_id, name, prep, hero, position) values ('d17', 'd29', 'Radicchio', 'F', false, 10);
insert into foods (id, group_id, name, prep, hero, position) values ('d18', 'd29', 'Escarole', 'F', false, 11);
insert into foods (id, group_id, name, prep, hero, position) values ('d19', 'd29', 'Mustard greens', 'F', false, 12);
insert into foods (id, group_id, name, prep, hero, position) values ('d20', 'd29', 'Bok choy', 'F', false, 13);
insert into foods (id, group_id, name, prep, hero, position) values ('d21', 'd29', 'Turnip greens', 'F', false, 14);
insert into foods (id, group_id, name, prep, hero, position) values ('d22', 'd29', 'Frisée', 'F', false, 15);
insert into foods (id, group_id, name, prep, hero, position) values ('d23', 'd29', 'Purslane', 'F', false, 16);
insert into foods (id, group_id, name, prep, hero, position) values ('d24', 'd29', 'Mizuna', 'F', false, 17);
insert into foods (id, group_id, name, prep, hero, position) values ('d25', 'd29', 'Komatsuna', 'F', false, 18);
insert into foods (id, group_id, name, prep, hero, position) values ('d26', 'd29', 'Chrysanthemum greens', 'F', false, 19);
insert into foods (id, group_id, name, prep, hero, position) values ('d27', 'd29', 'Tatsoi', 'F', false, 20);
insert into foods (id, group_id, name, prep, hero, position) values ('d28', 'd29', 'Shiso', 'F', false, 21);
insert into foods (id, group_id, name, prep, hero, position) values ('ex9', 'd29', 'Chinese broccoli', 'F', false, 22);
insert into foods (id, group_id, name, prep, hero, position) values ('ex10', 'd29', 'Choy sum', 'F', false, 23);
insert into foods (id, group_id, name, prep, hero, position) values ('ex11', 'd29', 'Water spinach', 'F', false, 24);
insert into foods (id, group_id, name, prep, hero, position) values ('ex12', 'd29', 'Malabar spinach', 'F', false, 25);
insert into foods (id, group_id, name, prep, hero, position) values ('ex13', 'd29', 'Amaranth greens', 'F', false, 26);
insert into foods (id, group_id, name, prep, hero, position) values ('ex14', 'd29', 'Fenugreek leaves', 'F', false, 27);
insert into foods (id, group_id, name, prep, hero, position) values ('ex15', 'd29', 'Moringa leaves', 'F', false, 28);
insert into foods (id, group_id, name, prep, hero, position) values ('ex16', 'd29', 'Pea shoots', 'F', false, 29);
insert into foods (id, group_id, name, prep, hero, position) values ('ex17', 'd29', 'Sorrel', 'F', false, 30);
insert into foods (id, group_id, name, prep, hero, position) values ('ex18', 'd29', 'Mâche', 'F', false, 31);
insert into foods (id, group_id, name, prep, hero, position) values ('ex19', 'd29', 'Nettles', 'F', false, 32);
insert into foods (id, group_id, name, prep, hero, position) values ('d1', 'd6', 'Extra-virgin olive oil', 'P', true, 0);
insert into foods (id, group_id, name, prep, hero, position) values ('d2', 'd6', 'Olives', 'P', false, 1);
insert into foods (id, group_id, name, prep, hero, position) values ('d3', 'd6', 'Avocado', 'F', false, 2);
insert into foods (id, group_id, name, prep, hero, position) values ('d4', 'd6', 'Avocado oil', 'P', false, 3);
insert into foods (id, group_id, name, prep, hero, position) values ('d5', 'd6', 'Cold-pressed rapeseed oil', 'P', false, 4);
insert into foods (id, group_id, name, prep, hero, position) values ('ex1', 'd6', 'Ghee', 'P', false, 5);
insert into foods (id, group_id, name, prep, hero, position) values ('ex2', 'd6', 'Toasted sesame oil', 'P', false, 6);
insert into foods (id, group_id, name, prep, hero, position) values ('ex3', 'd6', 'Coconut oil', 'P', false, 7);
insert into foods (id, group_id, name, prep, hero, position) values ('ex4', 'd6', 'Flaxseed oil', 'P', false, 8);
insert into foods (id, group_id, name, prep, hero, position) values ('ex5', 'd6', 'Walnut oil', 'P', false, 9);
insert into foods (id, group_id, name, prep, hero, position) values ('ex6', 'd6', 'Mustard oil', 'P', false, 10);
insert into foods (id, group_id, name, prep, hero, position) values ('ex7', 'd6', 'Almond oil', 'P', false, 11);
insert into foods (id, group_id, name, prep, hero, position) values ('ex8', 'd6', 'Perilla oil', 'P', false, 12);
insert into foods (id, group_id, name, prep, hero, position) values ('d30', 'd94', 'Tomatoes', 'F', true, 0);
insert into foods (id, group_id, name, prep, hero, position) values ('d31', 'd94', 'Garlic', 'P', true, 1);
insert into foods (id, group_id, name, prep, hero, position) values ('d32', 'd94', 'Onions', 'P', false, 2);
insert into foods (id, group_id, name, prep, hero, position) values ('d33', 'd94', 'Eggplant', 'F', false, 3);
insert into foods (id, group_id, name, prep, hero, position) values ('d34', 'd94', 'Zucchini', 'F', false, 4);
insert into foods (id, group_id, name, prep, hero, position) values ('d35', 'd94', 'Bell peppers', 'F', false, 5);
insert into foods (id, group_id, name, prep, hero, position) values ('d36', 'd94', 'Broccoli', 'F', false, 6);
insert into foods (id, group_id, name, prep, hero, position) values ('d37', 'd94', 'Cauliflower', 'F', false, 7);
insert into foods (id, group_id, name, prep, hero, position) values ('d38', 'd94', 'Artichokes', 'F', false, 8);
insert into foods (id, group_id, name, prep, hero, position) values ('d39', 'd94', 'Fennel', 'F', false, 9);
insert into foods (id, group_id, name, prep, hero, position) values ('d40', 'd94', 'Cucumber', 'F', false, 10);
insert into foods (id, group_id, name, prep, hero, position) values ('d41', 'd94', 'Carrots', 'F', false, 11);
insert into foods (id, group_id, name, prep, hero, position) values ('d42', 'd94', 'Asparagus', 'F', false, 12);
insert into foods (id, group_id, name, prep, hero, position) values ('d43', 'd94', 'Mushrooms', 'F', false, 13);
insert into foods (id, group_id, name, prep, hero, position) values ('d44', 'd94', 'Leeks', 'F', false, 14);
insert into foods (id, group_id, name, prep, hero, position) values ('d45', 'd94', 'Celery', 'F', false, 15);
insert into foods (id, group_id, name, prep, hero, position) values ('d46', 'd94', 'Beets', 'F', false, 16);
insert into foods (id, group_id, name, prep, hero, position) values ('d47', 'd94', 'Cabbage', 'F', false, 17);
insert into foods (id, group_id, name, prep, hero, position) values ('d48', 'd94', 'Brussels sprouts', 'F', false, 18);
insert into foods (id, group_id, name, prep, hero, position) values ('d49', 'd94', 'Okra', 'F', false, 19);
insert into foods (id, group_id, name, prep, hero, position) values ('d50', 'd94', 'Capers', 'P', false, 20);
insert into foods (id, group_id, name, prep, hero, position) values ('d51', 'd94', 'Sun-dried tomatoes', 'P', false, 21);
insert into foods (id, group_id, name, prep, hero, position) values ('d52', 'd94', 'Sweet potato', 'F', false, 22);
insert into foods (id, group_id, name, prep, hero, position) values ('d53', 'd94', 'Butternut squash', 'F', false, 23);
insert into foods (id, group_id, name, prep, hero, position) values ('d54', 'd94', 'Green beans', 'F', false, 24);
insert into foods (id, group_id, name, prep, hero, position) values ('d55', 'd94', 'Radishes', 'F', false, 25);
insert into foods (id, group_id, name, prep, hero, position) values ('d56', 'd94', 'Turnips', 'F', false, 26);
insert into foods (id, group_id, name, prep, hero, position) values ('d57', 'd94', 'Kohlrabi', 'F', false, 27);
insert into foods (id, group_id, name, prep, hero, position) values ('d58', 'd94', 'Chili peppers', 'F', false, 28);
insert into foods (id, group_id, name, prep, hero, position) values ('d59', 'd94', 'Shiitake', 'F', false, 29);
insert into foods (id, group_id, name, prep, hero, position) values ('d60', 'd94', 'Maitake', 'F', false, 30);
insert into foods (id, group_id, name, prep, hero, position) values ('d61', 'd94', 'Enoki', 'F', false, 31);
insert into foods (id, group_id, name, prep, hero, position) values ('d62', 'd94', 'Daikon', 'F', false, 32);
insert into foods (id, group_id, name, prep, hero, position) values ('d63', 'd94', 'Burdock root', 'F', false, 33);
insert into foods (id, group_id, name, prep, hero, position) values ('d64', 'd94', 'Lotus root', 'F', false, 34);
insert into foods (id, group_id, name, prep, hero, position) values ('d65', 'd94', 'Bitter melon', 'F', false, 35);
insert into foods (id, group_id, name, prep, hero, position) values ('d66', 'd94', 'Napa cabbage', 'F', false, 36);
insert into foods (id, group_id, name, prep, hero, position) values ('d67', 'd94', 'Bamboo shoots', 'F', false, 37);
insert into foods (id, group_id, name, prep, hero, position) values ('d68', 'd94', 'Parsnip', 'F', false, 38);
insert into foods (id, group_id, name, prep, hero, position) values ('d69', 'd94', 'Rutabaga', 'F', false, 39);
insert into foods (id, group_id, name, prep, hero, position) values ('d70', 'd94', 'Green onions', 'F', false, 40);
insert into foods (id, group_id, name, prep, hero, position) values ('d71', 'd94', 'Yellow Onion', 'P', false, 41);
insert into foods (id, group_id, name, prep, hero, position) values ('d72', 'd94', 'Red Onion', 'P', false, 42);
insert into foods (id, group_id, name, prep, hero, position) values ('d73', 'd94', 'Sweet Onion', 'P', false, 43);
insert into foods (id, group_id, name, prep, hero, position) values ('d74', 'd94', 'Shallots', 'P', false, 44);
insert into foods (id, group_id, name, prep, hero, position) values ('d75', 'd94', 'Romanesco', 'F', false, 45);
insert into foods (id, group_id, name, prep, hero, position) values ('d76', 'd94', 'Broccolini', 'F', false, 46);
insert into foods (id, group_id, name, prep, hero, position) values ('d77', 'd94', 'Broccoli rabe', 'F', false, 47);
insert into foods (id, group_id, name, prep, hero, position) values ('d78', 'd94', 'Sunchokes', 'F', false, 48);
insert into foods (id, group_id, name, prep, hero, position) values ('d79', 'd94', 'Celeriac', 'F', false, 49);
insert into foods (id, group_id, name, prep, hero, position) values ('d80', 'd94', 'Kabocha squash', 'F', false, 50);
insert into foods (id, group_id, name, prep, hero, position) values ('d81', 'd94', 'Delicata squash', 'F', false, 51);
insert into foods (id, group_id, name, prep, hero, position) values ('d82', 'd94', 'Acorn squash', 'F', false, 52);
insert into foods (id, group_id, name, prep, hero, position) values ('d83', 'd94', 'Spaghetti squash', 'F', false, 53);
insert into foods (id, group_id, name, prep, hero, position) values ('d84', 'd94', 'Heirloom tomatoes', 'F', false, 54);
insert into foods (id, group_id, name, prep, hero, position) values ('d85', 'd94', 'Watermelon radish', 'F', false, 55);
insert into foods (id, group_id, name, prep, hero, position) values ('d86', 'd94', 'Snap peas', 'F', false, 56);
insert into foods (id, group_id, name, prep, hero, position) values ('d87', 'd94', 'Snow peas', 'F', false, 57);
insert into foods (id, group_id, name, prep, hero, position) values ('d88', 'd94', 'Broccoli sprouts', 'F', false, 58);
insert into foods (id, group_id, name, prep, hero, position) values ('d89', 'd94', 'Alfalfa sprouts', 'F', false, 59);
insert into foods (id, group_id, name, prep, hero, position) values ('d90', 'd94', 'Microgreens', 'F', false, 60);
insert into foods (id, group_id, name, prep, hero, position) values ('d91', 'd94', 'Chayote', 'F', false, 61);
insert into foods (id, group_id, name, prep, hero, position) values ('d92', 'd94', 'Water chestnuts', 'F', false, 62);
insert into foods (id, group_id, name, prep, hero, position) values ('d93', 'd94', 'Horseradish', 'P', false, 63);
insert into foods (id, group_id, name, prep, hero, position) values ('ex20', 'd94', 'Tomatillos', 'F', false, 64);
insert into foods (id, group_id, name, prep, hero, position) values ('ex21', 'd94', 'Nopales', 'F', false, 65);
insert into foods (id, group_id, name, prep, hero, position) values ('ex22', 'd94', 'Jicama', 'F', false, 66);
insert into foods (id, group_id, name, prep, hero, position) values ('ex23', 'd94', 'Poblano peppers', 'F', false, 67);
insert into foods (id, group_id, name, prep, hero, position) values ('ex24', 'd94', 'Jalapeños', 'F', false, 68);
insert into foods (id, group_id, name, prep, hero, position) values ('ex25', 'd94', 'Serrano peppers', 'F', false, 69);
insert into foods (id, group_id, name, prep, hero, position) values ('ex26', 'd94', 'Sweet corn', 'F', false, 70);
insert into foods (id, group_id, name, prep, hero, position) values ('ex27', 'd94', 'Taro', 'F', false, 71);
insert into foods (id, group_id, name, prep, hero, position) values ('ex28', 'd94', 'Yam', 'F', false, 72);
insert into foods (id, group_id, name, prep, hero, position) values ('ex29', 'd94', 'Winter melon', 'F', false, 73);
insert into foods (id, group_id, name, prep, hero, position) values ('ex30', 'd94', 'Long beans', 'F', false, 74);
insert into foods (id, group_id, name, prep, hero, position) values ('ex31', 'd94', 'Chinese eggplant', 'F', false, 75);
insert into foods (id, group_id, name, prep, hero, position) values ('ex32', 'd94', 'Indian eggplant', 'F', false, 76);
insert into foods (id, group_id, name, prep, hero, position) values ('ex33', 'd94', 'Bottle gourd', 'F', false, 77);
insert into foods (id, group_id, name, prep, hero, position) values ('ex34', 'd94', 'Ridge gourd', 'F', false, 78);
insert into foods (id, group_id, name, prep, hero, position) values ('ex35', 'd94', 'Drumsticks', 'F', false, 79);
insert into foods (id, group_id, name, prep, hero, position) values ('ex36', 'd94', 'Cluster beans', 'F', false, 80);
insert into foods (id, group_id, name, prep, hero, position) values ('ex37', 'd94', 'Shishito peppers', 'F', false, 81);
insert into foods (id, group_id, name, prep, hero, position) values ('ex38', 'd94', 'Garlic scapes', 'F', false, 82);
insert into foods (id, group_id, name, prep, hero, position) values ('ex39', 'd94', 'Fiddleheads', 'F', false, 83);
insert into foods (id, group_id, name, prep, hero, position) values ('ex40', 'd94', 'Ramps', 'F', false, 84);
insert into foods (id, group_id, name, prep, hero, position) values ('ex41', 'd94', 'Chinese celery', 'F', false, 85);
insert into foods (id, group_id, name, prep, hero, position) values ('ex42', 'd94', 'Baby corn', 'F', false, 86);
insert into foods (id, group_id, name, prep, hero, position) values ('ex43', 'd94', 'Ivy gourd', 'F', false, 87);
insert into foods (id, group_id, name, prep, hero, position) values ('ex44', 'd94', 'Plantain', 'F', false, 88);
insert into foods (id, group_id, name, prep, hero, position) values ('ex45', 'd94', 'Cassava', 'F', false, 89);
insert into user_food_state (user_id, food_id, in_stock, recipe_id) values ('local', 'd179', true, NULL);
insert into user_food_state (user_id, food_id, in_stock, recipe_id) values ('local', 'd180', true, NULL);
insert into user_food_state (user_id, food_id, in_stock, recipe_id) values ('local', 'd2', true, NULL);
insert into user_food_state (user_id, food_id, in_stock, recipe_id) values ('local', 'd225', true, NULL);
insert into user_food_state (user_id, food_id, in_stock, recipe_id) values ('local', 'd227', true, NULL);
insert into user_food_state (user_id, food_id, in_stock, recipe_id) values ('local', 'd228', true, NULL);
insert into user_food_state (user_id, food_id, in_stock, recipe_id) values ('local', 'd229', true, NULL);
insert into user_food_state (user_id, food_id, in_stock, recipe_id) values ('local', 'd230', true, NULL);
insert into user_food_state (user_id, food_id, in_stock, recipe_id) values ('local', 'd235', true, NULL);
insert into user_food_state (user_id, food_id, in_stock, recipe_id) values ('local', 'd236', true, NULL);
insert into user_food_state (user_id, food_id, in_stock, recipe_id) values ('local', 'd245', true, NULL);
insert into user_food_state (user_id, food_id, in_stock, recipe_id) values ('local', 'd266', true, NULL);
insert into user_food_state (user_id, food_id, in_stock, recipe_id) values ('local', 'd267', true, NULL);
insert into user_food_state (user_id, food_id, in_stock, recipe_id) values ('local', 'd50', true, NULL);
insert into user_food_state (user_id, food_id, in_stock, recipe_id) values ('local', 'd51', true, NULL);
insert into user_food_state (user_id, food_id, in_stock, recipe_id) values ('local', 'ex134', true, NULL);
insert into user_food_state (user_id, food_id, in_stock, recipe_id) values ('local', 'ex135', true, NULL);
insert into user_food_state (user_id, food_id, in_stock, recipe_id) values ('local', 'ex136', true, NULL);
insert into user_food_state (user_id, food_id, in_stock, recipe_id) values ('local', 'ex137', true, NULL);
insert into user_food_state (user_id, food_id, in_stock, recipe_id) values ('local', 'ex138', true, NULL);
insert into user_food_state (user_id, food_id, in_stock, recipe_id) values ('local', 'ex146', true, NULL);
insert into user_food_state (user_id, food_id, in_stock, recipe_id) values ('local', 'ex168', true, NULL);
insert into user_food_state (user_id, food_id, in_stock, recipe_id) values ('local', 'ex169', true, NULL);
insert into user_food_state (user_id, food_id, in_stock, recipe_id) values ('local', 'ex170', true, NULL);
insert into user_food_state (user_id, food_id, in_stock, recipe_id) values ('local', 'ex176', true, NULL);
insert into user_food_state (user_id, food_id, in_stock, recipe_id) values ('local', 'ex180', true, NULL);
insert into user_food_state (user_id, food_id, in_stock, recipe_id) values ('local', 'ex181', true, NULL);
insert into user_food_state (user_id, food_id, in_stock, recipe_id) values ('local', 'ex224', true, NULL);
insert into user_food_state (user_id, food_id, in_stock, recipe_id) values ('local', 'ex225', true, NULL);
insert into storage_locations (id, user_id, name, meta, rail, line, note, zone, position) values ('d271', 'local', 'Shopping List', 'WHAT TO BUY · DRAG FOODS HERE', 'oklch(0.5 0.09 150)', 'oklch(0.85 0.045 150)', 'Drag foods here to build your shopping list.', 'kitchen', 0);
insert into storage_locations (id, user_id, name, meta, rail, line, note, zone, position) values ('d272', 'local', 'Pantry', 'ROOM TEMPERATURE · SHOP MONTHLY', 'oklch(0.55 0.08 74)', 'oklch(0.86 0.04 74)', 'Grains, legumes, nuts & seeds keep beautifully in mason jars. Choose no-salt-added canned goods where you can.', 'kitchen', 1);
insert into storage_locations (id, user_id, name, meta, rail, line, note, zone, position) values ('d273', 'local', 'Refrigerator', 'REFRIGERATOR · SHOP WEEKLY', 'oklch(0.49 0.06 232)', 'oklch(0.85 0.035 232)', 'Long-keeping produce and cultured staples that earn their shelf space — carrots and cabbage last for weeks and turn up in countless recipes.', 'kitchen', 2);
insert into storage_locations (id, user_id, name, meta, rail, line, note, zone, position) values ('d274', 'local', 'Freezer', 'FREEZER · SHOP MONTHLY', 'oklch(0.52 0.06 212)', 'oklch(0.85 0.035 212)', 'Flash-frozen at peak ripeness — just as nutritious as fresh and always on hand. Nuts keep longest in the freezer too.', 'kitchen', 3);
insert into storage_locations (id, user_id, name, meta, rail, line, note, zone, position) values ('d275', 'local', 'Counter', 'COOL · DARK · NOT REFRIGERATED', 'oklch(0.5 0.085 64)', 'oklch(0.85 0.04 64)', 'Roots, alliums, and winter squash that keep best in a cool, dark cupboard rather than the fridge.', 'kitchen', 4);
insert into storage_locations (id, user_id, name, meta, rail, line, note, zone, position) values ('d276', 'local', 'Spice Cupboard', 'DRIED SPICES & HERBS · COOL, DARK', 'oklch(0.5 0.11 45)', 'oklch(0.85 0.05 45)', 'Ground and whole dried spices — kept away from heat and light.', 'kitchen', 5);
insert into storage_locations (id, user_id, name, meta, rail, line, note, zone, position) values ('d277', 'local', 'Apothecary', 'SUPPLEMENTS · COOL, DARK, DRY', 'oklch(0.5 0.08 300)', 'oklch(0.85 0.04 300)', 'Capsules, powders, and tinctures — kept cool, dark, and dry.', 'kitchen', 6);
insert into recipes (id, user_id, name, category, instructions, bookmarked, position) values ('d278', 'local', 'Cucumber Sandwich', 'Lunch', 'Ingredients:
- 2 slices whole-grain bread
- 1/2 cucumber, thinly sliced
- 3 tbsp hummus
- 1 tsp extra-virgin olive oil
- 2 tbsp feta, crumbled
- 1 tbsp fresh dill, chopped
- 1 tsp lemon juice
- Black pepper, to taste

Instructions:
1. Spread the hummus evenly over both slices of bread.
2. Layer the cucumber over one slice; scatter the crumbled feta and dill on top.
3. Drizzle with olive oil and lemon juice, then season with black pepper.
4. Close the sandwich, slice in half on the diagonal, and serve.', false, 0);
insert into recipes (id, user_id, name, category, instructions, bookmarked, position) values ('d287', 'local', 'Hummus', 'Sauces & Condiments', 'Ingredients:
- 1 can (15 oz) chickpeas, drained (reserve liquid)
- 1/4 cup tahini
- 3 tbsp extra-virgin olive oil, plus more to serve
- 2 tbsp lemon juice
- 1 clove garlic
- 1/2 tsp ground cumin
- Salt, to taste

Instructions:
1. Blend the tahini and lemon juice until creamy, about 1 minute.
2. Add the garlic, cumin, olive oil, and a pinch of salt; blend to combine.
3. Add the chickpeas and blend until smooth, thinning with the reserved
   chickpea liquid a tablespoon at a time until light and fluffy.
4. Spread in a bowl, drizzle with olive oil, and serve.', false, 1);
insert into recipes (id, user_id, name, category, instructions, bookmarked, position) values ('d294', 'local', 'Tzatziki', 'Sauces & Condiments', 'Ingredients:
- 1 cup plain Greek yogurt
- 1/2 cucumber, grated and squeezed dry
- 1 clove garlic, minced
- 1 tbsp extra-virgin olive oil
- 1 tbsp fresh dill, chopped
- 1 tsp lemon juice
- Salt, to taste

Instructions:
1. Grate the cucumber, then squeeze out as much liquid as possible.
2. Stir the cucumber into the yogurt with the garlic, olive oil, dill,
   and lemon juice.
3. Season with salt, chill 30 minutes to let the flavors meld, and serve.', false, 2);
insert into recipe_ingredients (id, recipe_id, name, needs, position) values ('d279', 'd278', 'Whole-grain bread', false, 0);
insert into recipe_ingredients (id, recipe_id, name, needs, position) values ('d280', 'd278', 'Cucumber', false, 1);
insert into recipe_ingredients (id, recipe_id, name, needs, position) values ('d281', 'd278', 'Hummus', false, 2);
insert into recipe_ingredients (id, recipe_id, name, needs, position) values ('d282', 'd278', 'Extra-virgin olive oil', false, 3);
insert into recipe_ingredients (id, recipe_id, name, needs, position) values ('d283', 'd278', 'Feta', false, 4);
insert into recipe_ingredients (id, recipe_id, name, needs, position) values ('d284', 'd278', 'Dill', false, 5);
insert into recipe_ingredients (id, recipe_id, name, needs, position) values ('d285', 'd278', 'Lemon juice', false, 6);
insert into recipe_ingredients (id, recipe_id, name, needs, position) values ('d286', 'd278', 'Black pepper', false, 7);
insert into recipe_ingredients (id, recipe_id, name, needs, position) values ('d288', 'd287', 'Chickpeas', false, 0);
insert into recipe_ingredients (id, recipe_id, name, needs, position) values ('d289', 'd287', 'Tahini', false, 1);
insert into recipe_ingredients (id, recipe_id, name, needs, position) values ('d290', 'd287', 'Extra-virgin olive oil', false, 2);
insert into recipe_ingredients (id, recipe_id, name, needs, position) values ('d291', 'd287', 'Lemon juice', false, 3);
insert into recipe_ingredients (id, recipe_id, name, needs, position) values ('d292', 'd287', 'Garlic', false, 4);
insert into recipe_ingredients (id, recipe_id, name, needs, position) values ('d293', 'd287', 'Cumin', false, 5);
insert into recipe_ingredients (id, recipe_id, name, needs, position) values ('d295', 'd294', 'Greek yogurt', false, 0);
insert into recipe_ingredients (id, recipe_id, name, needs, position) values ('d296', 'd294', 'Cucumber', false, 1);
insert into recipe_ingredients (id, recipe_id, name, needs, position) values ('d297', 'd294', 'Garlic', false, 2);
insert into recipe_ingredients (id, recipe_id, name, needs, position) values ('d298', 'd294', 'Extra-virgin olive oil', false, 3);
insert into recipe_ingredients (id, recipe_id, name, needs, position) values ('d299', 'd294', 'Dill', false, 4);
insert into recipe_ingredients (id, recipe_id, name, needs, position) values ('d300', 'd294', 'Lemon juice', false, 5);
